quarter,MKT_RF,SMB,HML,RMW,CMA,MOM,RF
1963Q3,0.0302686604839999,-0.01700672512000001,0.00876229999999989,0.002544280319999981,-0.013779184449999926,0.0214252412,0.007920808224999742
1963Q4,0.035185002548000055,-0.040274342709999966,0.014757604532000146,0.02470820603599999,-0.002809973124999976,0.04208376782400003,0.008524092706999609
1964Q1,0.05319543108500002,0.01846397652999987,0.0792338591870001,-0.017162696892999985,0.053505872423999845,0.020527042253999817,0.00872518417999979
1964Q2,0.028108746977000054,-0.019635420711999974,0.019487955367999854,-0.01793175533999991,-0.00902470468999994,0.023526148975999917,0.008524062619999606
1964Q3,0.02972339993600004,0.004487590699999933,0.02595354511600001,-0.002012761249999828,0.027378631160000166,-0.010165967049999947,0.008624663519999798
1964Q4,0.006301759760000136,3.564039999992552e-05,-0.03388168622400012,0.014634115100000011,-0.01196399104000001,0.005931745789999887,0.008926416070999865
1965Q1,0.026020352816000125,0.08022076799999978,0.017374711080000216,0.009089569124000052,5.964805999991718e-05,-0.00975255630400007,0.009429310239999822
1965Q2,-0.03331304384200029,-0.030594339400000004,-0.00603227024499986,0.0010846707679998957,-0.012706745899000005,-0.0018447149699998278,0.009731343635000167
1965Q3,0.071896983232,0.046277732899999924,0.01046874046800017,-0.002636497044999908,-0.0016584426959999066,0.10288436673799994,0.009530101713000283
1965Q4,0.036155327480000166,0.11701962358000007,0.03899298320000022,-0.012041149239999993,-0.021644593660000044,0.07893798200000002,0.009932665805000296
1966Q1,-0.029961943287999948,0.10103046861500009,0.014544163262000032,-0.015519543040000139,-0.01755376884999993,0.11720320812799989,0.01114109054000001
1966Q2,-0.05048055897599979,-0.006559051515999892,-0.014738157760000203,0.021485415103999816,-0.01615236433599998,0.041518975795999724,0.011342492972000295
1966Q3,-0.10400507873200004,-0.045021460939999924,0.019013398399999826,-0.02195458940799999,0.04932697853000012,-0.05276518377999995,0.011644807400000179
1966Q4,0.05430149248400018,-0.015395329215999953,-0.02947701810999992,0.0073875924980000285,-0.027112844031999983,0.012243371959999916,0.01255207200000008
1967Q1,0.13342065199999986,0.1424730527460003,0.005168833208000212,0.03815779594799973,-0.054021188699999945,-0.023976262300000162,0.011846350372000103
1967Q2,0.018074792383999894,0.09496107346999993,-0.007203865600000081,0.01007577876400001,-0.04596473426400005,0.07264556263199995,0.009228138512000106
1967Q3,0.0686194605799999,0.06913940853800016,0.016451076724999902,0.00973002969999981,0.03078283037000018,-0.0007297097199999714,0.009530111744000314
1967Q4,0.00245601422000008,0.06128147882199997,-0.05457044798599997,0.015357409682000167,-0.04986040741599995,0.0830313267199998,0.010838836332000001
1968Q1,-0.07425278483800002,0.00048182167999999415,0.05470975173499992,-0.0394922514160001,0.07824508466000002,-0.047051040483999995,0.011745679280000143
1968Q2,0.12275895995999986,0.1319526783830003,0.0036907246799999793,0.016822897324000108,-0.029345787520000055,0.06772446037500002,0.013157273205000042
1968Q3,0.026179442425000143,0.037431169253000274,0.06671626706999967,-0.05684923167200007,0.05185029973099975,0.0034673422400000042,0.013358946687999973
1968Q4,0.017226127735999963,0.05568938166500015,0.018736611711999807,-0.028182977056000147,0.021937092188000218,0.005754107072000192,0.012955539463999965
1969Q1,-0.04554631224999994,-0.05049259107199999,0.02134001949199993,-0.009061406768000047,0.016006564300000026,0.012543602950000121,0.01457003214799979
1969Q2,-0.05909730454000006,-0.06376160798800001,-0.004669173640000079,0.0365226698279999,-0.0075615961600000725,0.006914705435999924,0.015277079744000055
1969Q3,-0.05529942490000006,-0.01576164639800004,-0.05750071149999991,0.06032895801600002,-0.028195099616000086,0.06526122436400006,0.016590524299999965
1969Q4,-0.015997280300000027,-0.02376530061600024,-0.07086267199999996,0.04068888560000006,-0.03758380134400008,0.043751923676000004,0.017703079680000178
1970Q1,-0.04410953347600011,-0.01999582424800006,0.11341633498399983,-0.05134176055000006,0.11670561418399994,0.0046851855679999055,0.018006952039999913
1970Q2,-0.21946436721999996,-0.12396374044000003,0.10146368931199978,-0.017745496221999946,0.12892268830999987,0.019764871992000055,0.016186393699999968
1970Q3,0.1640177251999999,0.09335988159999986,-0.03184190413299992,0.00518960724999995,-0.04496748001599993,-0.174028711424,0.015984408824000207
1970Q4,0.08102933713600002,-0.05414079044800002,0.02851968507199998,0.03657122540400004,0.0398228882499998,0.09702205635000016,0.013459888871999892
1971Q1,0.10687996843599978,0.12032653876800015,-0.03670705809999997,0.0036227788159999275,-0.03486742720000002,-0.07410904472000002,0.010133877619999954
1971Q2,-0.010651215999999963,-0.02963680883200004,-0.0244195367140001,0.015883762867999973,-0.006358633900000132,0.05054589231200013,0.009429240043999698
1971Q3,-0.01722687529400002,-0.01401018448600011,-0.0035649268800000966,0.026912526524000002,0.023725481842000073,0.03162036032000004,0.012451059560000033
1971Q4,0.0342705491719999,-0.013072326424000025,-0.02543231364600007,0.03560363337200001,-0.034732427487999984,0.013850411899999804,0.011141120653000103
1972Q1,0.06064436511799998,0.06510021979899983,-0.023675990643999834,0.015509877361999935,-0.001627746000000041,0.05618263067400009,0.008121849574999729
1972Q2,-0.009152190286000117,-0.032761327768000004,-0.050846219264000014,0.03795406848000016,-0.03348586087000005,0.0823095223300001,0.00882583522999969
1972Q3,0.012759802239999951,-0.08255628361599998,0.057027780640000136,0.007712560799999935,0.0015667262299998708,-0.010453207584000035,0.009429420566000157
1972Q4,0.05785697981600024,-0.04955893350499996,0.03845258115199979,0.004383121924000033,0.011588625572000133,0.0031586977999999988,0.011443344759999974
1973Q1,-0.09167298039999994,-0.08786632373199998,0.07066955996000002,-0.008522048640000057,0.014552022499999762,0.09871064780000016,0.013258125007999944
1973Q2,-0.09918147527199994,-0.11121535859200016,0.06996493494800027,0.0018868607000002147,0.008678594439999854,0.1893261626449998,0.015479185252000427
1973Q3,0.05816174172800004,0.09051114244400016,-0.02159286751600009,-0.03597536373600008,-0.0033517189959999527,-0.14885726080599992,0.020336224639999623
1973Q4,-0.13003574673700002,-0.11885409488800003,0.10061191549399995,-0.07458906054699999,0.06983539759200008,0.281331041264,0.01861407295999995
1974Q1,-0.03421800755200011,0.13418156661600023,0.08414971249000014,-0.019527434200000027,0.07751914485199984,-0.09497173959999994,0.017804504624000073
1974Q2,-0.12295455744000006,-0.03747954097999995,-0.0035892282879999016,0.0839504985499997,0.048366655524000324,0.041249514031999945,0.021146587500000313
1974Q3,-0.26506711045200004,0.03626391734399981,0.13763899906800026,-0.07660004824,0.13445971209999996,0.10620426160000007,0.021247640199999918
1974Q4,0.07016666885,-0.12018771034599995,-0.10027387269999988,-0.04431961376800009,0.03282419617999999,0.04687758532000008,0.017601232780000142
1975Q1,0.23181787383200003,0.16551542781600004,0.05923560827599994,0.01881478025000005,-0.04435797876999992,-0.16073950828000005,0.01426645225400014
1975Q2,0.14978880728,0.036296215254000286,-0.03853547172499994,-0.024623029110000028,-0.008728969096000183,0.00880873503199986,0.012955519376000035
1975Q3,-0.13118400943999997,0.005157128360000041,0.011667361472000204,0.021338654490000053,0.008090790268000081,0.005801738239999965,0.01497404211199993
1975Q4,0.06381204319999978,-0.054547648000000115,0.041276857850000015,-0.01285273775200002,0.048609314743999876,-0.008181811000000039,0.01456963020799984
1976Q1,0.15129350758400006,0.1322113380379999,0.14706456949699986,-0.04619204575000002,0.07166760479,0.04997092533199998,0.012148443919999918
1976Q2,0.011261741900000066,-0.020504853370000187,-0.007285059327999943,0.022015657354999885,-0.014301441309999996,-0.009832700475999934,0.012249576821999897
1976Q3,0.003829132567999771,-0.012251666439999975,0.022258603874000027,-0.004598536239999951,-0.014086125060000065,-0.007306876600000067,0.013358986855999788
1976Q4,0.03474715098999992,0.06450398599999985,0.036176689976999965,-0.02206728920799994,0.021025047580999878,0.03125232480200002,0.012148865599999947
1977Q1,-0.07171952075999988,0.08402639509499976,0.05931644895999977,-0.01066469628799993,0.016244230337000065,0.05113715636000005,0.010939627880000247
1977Q2,0.033353869239999945,0.041197626200000004,0.03571230256400004,-0.006626964774000044,-0.0002374305760001194,0.07984766503999996,0.011544116240000069
1977Q3,-0.03681021308800003,0.044214936946000094,-0.03604661212000004,0.027343397600000152,-0.011972237739999891,0.008174259259999817,0.012955539463999965
1977Q4,-0.002779534906000136,0.06752238235999997,0.015583501946,0.007786595022000187,-0.004445593552000249,0.03639509168800026,0.014873130049999794
1978Q1,-0.046546960614999966,0.10451637380000012,0.054158778469999946,-0.020668192200000157,0.04678907600000004,0.028384771640000084,0.014873009461999986
1978Q2,0.07913424147199999,0.05914441740800003,-0.03494953179999993,0.016223720659999996,-0.01102502580400011,0.06144578329400008,0.015984388716000275
1978Q3,0.07522039303999994,0.04708969152199982,0.001955160799999911,0.02351943754899999,0.013326816950000042,0.038815976000000196,0.017500994431999928
1978Q4,-0.08717674777600004,-0.06496214716000015,-0.029680991488000075,0.03297216245299994,-0.015326315797999923,-0.005220995890000024,0.02175561127999992
1979Q1,0.06208671845599989,0.07595809357400007,0.02682600763600007,-0.02962170143999998,0.028525779872,0.004341469686999888,0.02327816530099991
1979Q2,0.01474054404799996,0.035486126080000124,0.03909641932800012,-0.020108670127999884,-0.00630347833600009,0.010876421555000126,0.024497351360000197
1979Q3,0.055327293493999896,0.028546932140000036,-0.007599901491999961,0.019022485600000083,-0.004523299599999975,0.038514588383999904,0.023887602107000028
1979Q4,-0.015722566139999894,0.0315681452269998,-0.070051562259,0.0025348292959999075,-0.026854671237999894,0.15436847926399988,0.028363648234999816
1980Q1,-0.09229332914999999,-0.06756455216800006,0.014673862159999773,-0.010029798639999865,0.037641035259999844,0.048219212809999856,0.02927655151999997
1980Q2,0.12678316391200029,0.04575836600000005,0.006026026879999868,-0.01955855252000005,-0.010997756497999944,-0.0010047450879999698,0.02702895256599991
1980Q3,0.10747313957500015,0.08809409672600022,-0.1280902423739999,0.08210901369999979,-0.059220354232000005,0.08971260858199992,0.019321924400000023
1980Q4,0.05800843136000022,-0.014090966523999993,-0.08304843555999997,0.04757863394600004,-0.05688326512800013,0.15082725915499995,0.032542604720000146
1981Q1,-0.009848656956000013,0.05553463675000003,0.0843280780579998,-0.05327764512400024,0.058220214127999936,-0.08318758325999998,0.03356793648799994
1981Q2,-0.04325240292799981,0.06194512054400003,0.07074782074399999,-0.0002275411030000507,0.02415394617199995,-0.03366883998399994,0.03622692669999994
1981Q3,-0.1505198432,-0.06102641053999991,0.09389310845899979,0.00847265321599977,0.011799792876000303,-0.0145799030799999,0.03807316812799977
1981Q4,0.04549191735999991,0.018518109168000008,-0.014859581401000077,0.034812231727999965,0.005875614499999848,0.04938190049600011,0.03182895638899996
1982Q1,-0.10558728859599997,-0.0068454088000000635,0.13590503589600011,-0.06146140791999999,0.09135751025500016,0.09821258770999997,0.027242881280000075
1982Q2,-0.03872158174400009,0.01106673698900007,0.001840407456000115,0.025666269599999847,0.023557605180000163,0.07028134400599972,0.031831169888000055
1982Q3,0.09013430240000009,-0.01034169672999996,0.013934327548999814,0.012727404000000053,0.015921255104,0.048081622400000024,0.02337251698000009
1982Q4,0.17098129779200022,0.06287033538400033,-0.054116270960000046,-0.008220400000000017,0.009890213000000037,0.05909405881599983,0.019019159038999867
1983Q1,0.09259251766100007,0.07845726449599999,0.01993914108799988,-0.020609663968000125,0.03256785632000003,0.028974517063999672,0.019525579513999913
1983Q2,0.10484768190500016,0.07954834248800013,-0.04828052822000006,0.006233593085000155,-0.007220485746000094,0.01885736650500003,0.020843118233000002
1983Q3,-0.03671011269999991,-0.03025306080000012,0.12542938891400013,0.016650765956000013,0.053071963999999694,-0.08303466570399998,0.022770667424000024
1983Q4,-0.030902976424000084,-0.02361934475000005,0.06017183360000011,0.0003241242800000599,0.050378673600000035,-0.03820965423599998,0.02206016835999991
1984Q1,-0.05981433952000004,-0.018260500000000013,0.11734136860399991,-0.008206152255999966,0.056344731119999825,-0.0106479905850001,0.02216166390800023
1984Q2,-0.04766418986199994,-0.006425981055999785,-0.013368660849999991,0.09047847523999986,-0.013179473460999902,0.0316327733320001,0.023582903849999948
1984Q3,0.06412490752000011,-0.02522818475200006,0.03821982735000007,0.041721749647999795,-0.007332472215999863,0.005443183316000022,0.025310545315999855
1984Q4,-0.008028824288000003,-0.031081411096000044,0.04179832784300008,0.03254068736000004,-0.004016684160000006,0.06338666118400016,0.023884187199999962
1985Q1,0.08369221234399982,0.030120071830000095,-0.01645539589599998,0.01651058086599999,0.003933554839999909,-0.03349978663600017,0.01861419373999995
1985Q2,0.0538290686559999,-0.0229193906159999,0.02974541936000019,0.0464976270059998,-0.01742705439399983,0.1072940130750002,0.019423681360000167
1985Q3,-0.06145205239999996,0.006546873200000025,0.019003453132000026,0.005848103935999882,0.03157394172200001,-0.004170780079999936,0.017804504599999937
1985Q4,0.15014273919999988,-0.019230360135000013,-0.0359083585779999,0.02174363033600013,-0.05095173907000006,0.040533406055,0.01922180772499993
1986Q1,0.13131177730999988,-0.004082459079999934,-0.005622236978000017,0.0013838515999999856,-0.024114067363000036,0.08098455376000024,0.01699525808000013
1986Q2,0.04385617801600006,0.006008423663000029,-0.017814187920000002,0.0697308555499998,0.018371908699999828,0.06726907826000006,0.015378132496000063
1986Q3,-0.09275850144100006,-0.05778850758000009,0.11865152337200002,-0.024167689885000065,0.08021112693199961,-0.08865858901599999,0.014368127640000061
1986Q4,0.024029893376000144,-0.04003871244199997,-0.010848989776000018,0.01848340147399985,0.01808615362999988,0.04666794567999988,0.01345967790599989
1987Q1,0.19266492136400015,0.02021330892800033,-0.0734062262320001,0.006705795410000048,0.004680742505000168,0.014210319043999942,0.013258094881999805
1987Q2,0.018501931090999957,-0.04215453360400012,0.009876170504000026,0.015269442511999909,0.03397751255600023,-0.00790282612000004,0.013056160255999982
1987Q3,0.047217926655999776,-0.016285043685000056,0.0021066004879999323,0.005535576919999841,0.018256102819999898,0.024083496800000104,0.013863567289999823
1987Q4,-0.243185170992,-0.0535936301019998,0.027019066615999954,0.034556876339000064,0.0032324537600001424,-0.03507559030000007,0.013458131900000225
1988Q1,0.06713330535800033,0.0899780487199997,0.04213162310599983,0.0007133632870000017,0.039797304279999945,-0.081364548925,0.011946398695999783
1988Q2,0.050822777264000196,0.005823624123999949,0.02583021605999991,0.006476315335999905,-0.013919406400000223,-0.0023229050400001006,0.014671104953999814
1988Q3,-0.013581914875000045,-0.015772044968,0.035839021100000146,0.004006543040000032,0.02637616152500022,0.013153408903999741,0.01729847655800021
1988Q4,0.0032685028640000446,-0.026504336355999913,0.016352449096999955,0.017220684723999735,0.02256180303200006,0.017969352539999983,0.018209329051000145
1989Q1,0.053228713334000144,0.01061557063999996,0.020835873832999896,-0.018116718147999977,0.02655016441999991,0.04273412127500009,0.018411494784999816
1989Q2,0.06339303355999992,-0.018411306800000027,-0.0020898362800000347,0.013148232705000096,0.007700189696000059,0.035668991279999895,0.021856965803000117
1989Q3,0.0788645767759999,-0.0319688172160002,-0.03439453528000003,0.03840981582000014,-0.005933501872000035,0.08482550013199996,0.021045736699999873
1989Q4,-0.014992059280000025,-0.06695400024000009,-0.021303073380000037,-0.007301295856000034,0.025950991142000168,0.06990461955000016,0.01993077621199979
1990Q1,-0.05070591413999992,0.015149097515000154,-0.014576814550000039,0.008073729152000109,-0.0016588572399998114,-0.0181456859439999,0.017905657935999963
1990Q2,0.03654135065599995,-0.01477610501499993,-0.08232826459999998,0.024653539503999955,-0.02993506569999993,0.08118332640799997,0.02013352559599979
1990Q3,-0.17224256917000003,-0.10286888121999993,0.020979084775999857,-0.005496938559999998,0.101438934398,0.14303153214800002,0.01952554927999972
1990Q4,0.06905819131999968,-0.04471258071999995,-0.044169656968000126,0.06528625067599991,-0.06830250144999994,0.012712828399999987,0.01861399255999996
1991Q1,0.15234907578299994,0.12162110369399981,-0.03363643288000007,0.007525441807999966,-0.05342639996199994,-0.08680931352200005,0.01446906982399998
1991Q2,-0.01746567668400012,0.007919614700000022,0.020526443215999945,0.04552061707499999,-0.00899785988800006,-0.019980252304000023,0.014267014622000085
1991Q3,0.04962499948800003,0.019922116399999856,-0.03284149320999996,0.0064999427999998804,-0.017946898431999925,0.0776068589000003,0.014166343683999827
1991Q4,0.07573910051999988,-0.024465767320000165,-0.06329650945300003,0.030809988949999978,-0.035464633040000026,0.13052078739600015,0.011947222244000022
1992Q1,-0.021795599353999995,0.0962504571699998,0.15374809193299988,-0.011601585086000177,0.07494555875000009,-0.033858167500000036,0.009630632368000214
1992Q2,-0.009691931910000173,-0.0816800259999999,0.08937192030400021,0.006645500089999867,0.03879326719999998,-0.030473282790000167,0.009228188672000037
1992Q3,0.025156254284000035,-0.005723410855000055,-0.017814115620999993,0.06635004682399992,-0.03256452174400004,0.024473915103999655,0.008322900955999968
1992Q4,0.0681182208840001,0.07800935017999966,-0.009215094656000011,0.0012022741520001379,-0.016661696626000033,0.06670904374999975,0.007418184811999851
1993Q1,0.033955018912000146,-0.01406723840199997,0.14183125231999982,-0.025758756460000032,0.08091148482000032,0.12187046509999999,0.00701632264999974
1993Q2,0.0005111056499997879,0.012356231432000264,0.016154167280000076,-0.04700028010599999,0.014996811176000158,0.051668395492000085,0.007116793200000027
1993Q3,0.032433111775999945,0.04092199193599999,0.02807833601599996,-0.030903620799999976,0.018968474419999826,0.09429824613200011,0.007518755599999816
1993Q4,0.011659162710000004,0.01882730058999993,-0.03297161790000014,0.03985431292600006,-0.008241028119999827,-0.05153025535299982,0.007016322649999962
1994Q1,-0.04555007438500014,0.015122324929999875,0.012259867759999876,0.01161269791999997,0.018330073825999937,-0.015473330631999849,0.0073176841750000055
1994Q2,-0.018144798976000187,-0.03967081480000001,0.04080138292000002,0.02764535559999981,0.03273042599999987,-0.026112241149999882,0.009026956784000006
1994Q3,0.04514827300799995,0.022406892511999787,-0.03730159454499993,0.008752877792000069,-0.003765881120000203,0.02993496360800041,0.010234448332000046
1994Q4,-0.01897920883000004,-0.021809320010000022,-0.02465741906199992,0.010635074559999902,-0.009006530715999883,0.046794287660000045,0.011947121864000154
1995Q1,0.07805687946000006,-0.04056168727899989,0.013988408467000113,0.006299258105000094,-0.008198090200000063,-0.018617080840000022,0.012854597280000046
1995Q2,0.07929126367999983,0.0055169908099999,0.01346778869599996,0.006098269451000116,-0.01579756959800016,0.04287427010000022,0.014569931671999825
1995Q3,0.07784226608,0.019243176560000075,0.009464925783999822,0.000279955174000035,0.0028600383199999246,0.055871271800000066,0.013560800944999896
1995Q4,0.034550621216000055,-0.04469922577000007,0.0026751788479999483,-0.0011042658559998753,0.039461498000000095,0.05984791404800016,0.013863446725999706
1996Q1,0.0438684642920002,0.006289710432000106,-0.0017732828600000028,0.018664699903999882,-0.00586952034999999,-0.007279011064999952,0.012148815403000057
1996Q2,0.03278000306000006,0.041152075729999904,-0.026169084909999918,0.03323987899999992,-0.011815406119999983,0.01691552674400021,0.012854597280000046
1996Q3,0.014868178908000074,-0.026892289116000057,0.01468870089200025,0.03841596739999975,-0.019892590252000186,0.024954918009999938,0.013056371179999804
1996Q4,0.053524106250000036,-0.04513362581800007,0.07709578496000002,0.03706405384399991,0.03783173654299987,0.01819377674,0.01295547921199991
1997Q1,-0.0077805642880000025,-0.047060855347999975,0.07617840422400013,0.023463842576000093,0.04979553836299999,0.005261472591999716,0.012753745464999744
1997Q2,0.15594609571999984,-0.001318150920000094,-0.027291840000000067,0.02857852313600029,-0.03318731316000001,0.019635064657000045,0.01295518795899997
1997Q3,0.08417003521399957,0.07147451599999988,0.015044965256000076,-0.024085349911999954,-0.03630299473599996,0.02510019685999998,0.012854667572000045
1997Q4,0.004133797016000029,-0.0751611737040001,0.07452259132400019,0.04517759840000002,0.05798381073500036,0.037520422525999964,0.01295533862399978
1998Q1,0.12292093145600025,-0.019516563280000065,-0.01250178388799994,-0.00016318481499999482,-0.034066807907999985,0.00965110326499996,0.012148815403000057
1998Q2,0.008025545030000192,-0.06492350170000005,0.023542780030999966,-0.009255690096000024,-0.009925555724000112,0.1013941186159999,0.012451300519999986
1998Q3,-0.13010840421000003,-0.10713347115999994,-0.018941118818999847,0.031121131039999916,0.03556944444800014,0.05074556934999985,0.012955459120000068
1998Q4,0.2045231768900002,-0.0408615296,-0.09510991409999991,-0.007377641376000055,-0.03977478014399993,0.04231888687700014,0.010133897696000371
1999Q1,0.02702269155199999,-0.10038726450999991,-0.05139189082999984,-0.07883739819999991,-0.03633798650400011,0.014534021095999883,0.011342402674999974
1999Q2,0.06627819357200027,0.10976984300000003,0.015703777279999942,-0.006278192244999925,0.010189526807999894,-0.0973969843000001,0.011141030320000134
1999Q3,-0.07448889420100002,0.03328106033599987,-0.04945436745999998,-0.009111693183999958,0.02983809914399993,0.11412476108000003,0.011644907798000093
1999Q4,0.18111276445400004,0.031601724529999764,-0.15386346352000002,-0.13388301999999985,-0.08405854669599999,0.25856036536999993,0.011947101776000002
2000Q1,0.02678510626999997,0.04263476403600008,-0.03196924960000003,-0.150729529875,0.021379303360000046,0.11980432717999978,0.013157192860999922
2000Q2,-0.0627082079800001,0.006848983250000051,0.02384636177999999,0.031025030114999907,0.03785067476300008,-0.029835038179999884,0.013661491999999997
2000Q3,-0.013023796863999904,-0.01616148889000002,0.142959394472,0.0525206213599998,0.10000181613199999,0.07413513958399998,0.014974102399999856
2000Q4,-0.12158093971999995,0.0024380637799998883,0.27449967896000005,0.2621260142399999,0.17786008636999995,-0.004780340631999946,0.01578220280000009
2001Q1,-0.13840791812500008,0.10772328353299998,0.1345697130950001,0.06900848384000002,0.0717447653879999,-0.08673264650000012,0.013459246184000184
2001Q2,0.06565716555199996,0.09505293044000007,-0.02658979916799986,-0.013747397854000032,-0.029504581765000037,-0.05449614732999997,0.009932394944000222
2001Q3,-0.16858103968000004,-0.06110106234399992,0.09592433864000016,0.169800497747,0.1329161889499999,0.238982298704,0.008926406040000057
2001Q4,0.11970911578400001,0.1032427165359997,-0.04512605604099995,-0.061225495948000086,-0.06230045094400005,-0.1619689072959999,0.005409595609999984
2002Q1,0.003964960768000125,0.050822841440000044,0.06983100302399992,0.11069360312299992,0.08787620578,0.08857969914499986,0.004005332366000314
2002Q2,-0.13259255888800014,0.07242661858400012,0.059816385224000124,0.11200665336799998,0.10888563442999999,0.17956072832000003,0.00420587273000006
2002Q3,-0.17271569769999995,-0.04708609768000016,0.006467177973999982,0.0872574780319999,-0.047177026600000116,0.15259012475799993,0.00430616294000008
2002Q4,0.07685469593600014,-0.00934244692999997,-0.028692757024000093,-0.0656353864,0.0403156274280001,-0.13423465623200004,0.0037045418480001757
2003Q1,-0.033596623556000016,0.006025434371000227,-0.04204117698400012,0.015301775703999931,-0.00804734994800016,0.042587083460000175,0.0029028008999998356
2003Q2,0.16353983438000008,0.07723071118000013,0.020712399559999817,-0.10904906915200008,0.036637656559999954,-0.20090008037500007,0.0029028008999998356
2003Q3,0.03415831816400017,0.07483463396000012,0.0022502687120000697,-0.05245737271000017,0.041278609880000205,-0.008978301130000088,0.002201610391999731
2003Q4,0.12124348231999993,0.023652340996999754,0.05537928981200002,-0.006095835185999987,0.042362606199999764,-0.004159832943999908,0.002201610391999731
2004Q1,0.022128426800000156,0.03659384464799986,0.036307938769999826,0.0007779977999999854,0.011202528177999937,0.015625338688999957,0.002201590377999718
2004Q2,0.011862205464000075,6.455647999992209e-05,-0.02235376650599996,0.03394712601600003,-0.03121540122699995,-0.019313009728000097,0.0022016003839997467
2004Q3,-0.024266437120000095,-0.00976454516799996,0.04282608611999983,0.04896443689100005,-0.04675594096000002,0.015189306559999949,0.0032034112100001177
2004Q4,0.09629414516599977,0.04234469528000018,0.010729143885999992,-0.021060384891999906,0.0062015612179999735,-0.012898137460000014,0.004205812640000195
2005Q1,-0.028339111900000047,-0.027968359529999987,0.05641476252199995,0.04615250624000011,-0.0029870732259998922,0.06949441570400006,0.005309285376000172
2005Q2,0.015406395799999917,0.01897409952800011,0.02254861879999992,0.008095849222000018,-0.010894036240000071,0.01751014918800009,0.006815401591999892
2005Q3,0.031657902079999856,0.014784944264000233,0.013338344744000086,-0.028748053575999966,-0.010105059196000021,0.05633302486599989,0.008322880879999772
2005Q4,0.012527647456000102,-0.008619662500000014,-0.006162646755000001,-0.013071420459999983,-0.02140938532000003,-0.0008070755879999725,0.009026956784000006
2006Q1,0.04230907377000004,0.08861644278800007,0.012910602790999981,-0.01166794930800008,0.011759284920000113,0.01963902814399976,0.010637474030000149
2006Q2,-0.03186277640799984,-0.03898288983999998,0.05583685197999988,0.039797898216000105,0.01266193585700015,-0.015797303799999884,0.011947141920000126
2006Q3,0.031072653896000002,-0.04512189820000012,0.006792813459999936,0.00568862876600007,0.034717666895999866,-0.0625920773119999,0.012350488880000121
2006Q4,0.05867025290000005,0.017912319606000038,0.024419183832000035,-0.005608035700000014,0.01388367872000007,-0.005075704599999953,0.012350488879999899
2007Q1,0.0009864195920001873,0.014921563724000109,-0.016327727872000097,0.002171915659999968,-0.009308803120000042,0.01428854420600012,0.01255205189600006
2007Q2,0.047489517103999956,-0.010691620480000052,-0.0305027820799999,0.031704159954,-0.00202883635599993,0.0002798274560000813,0.012552112160000073
2007Q3,0.0031439003040001356,-0.05727708585999991,-0.07532242307199999,-0.014983368202000191,-0.04612720392800007,0.07363593256400014,0.011443093760000078
2007Q4,-0.039389854960000026,-0.027644174285999967,-0.04418680543299991,0.023269530250000114,-0.01367003688800017,0.13173471641599988,0.009328729376000044
2008Q1,-0.10068093707199999,-0.006834372111999887,0.03571278720000026,0.041312768875999994,0.01545047084599993,0.020769483649999865,0.00510851464100015
2008Q2,-0.02417324250100017,0.030261349376000002,-0.04894215440000005,0.07863435269600028,-0.030968612703999865,0.16146317132300014,0.005309365508000097
2008Q3,-0.08653332087499988,0.07518712414399986,0.1284386566400002,0.028557946879999907,0.03384695077999966,-0.08494869894400003,0.00430615292500014
2008Q4,-0.2225659434399999,-0.03838622079999987,-0.07936622315500008,0.07559749247300007,0.022251766736000045,0.09832638557599993,0.0011002399999999746
2009Q1,-0.09968285627399986,-0.02664636727300007,-0.14000545264000008,-0.015960580000000002,-0.03737351840000003,-0.10157323403199991,0.00030002000000006745
2009Q2,0.16385615127999986,0.07117663452799983,0.028916451991999992,-0.008981739586000015,-0.018644001850000147,-0.3943711029100001,0.0002000099999999172
2009Q3,0.15869913873599995,0.04987739167999994,0.14159548860000015,-0.019882697849999964,0.06843677575999996,-0.18317443617999996,0.00030003000099987354
2009Q4,0.0570683325400001,-0.01795174996000004,-0.04591304137099994,0.05904601657999997,-0.015686680000000064,0.05976402330000008,9.999999999998899e-05
2010Q1,0.06221800405,0.03760656067999979,0.05787592818600018,-0.01968530105200006,0.03710950010800018,0.016677536310999885,9.999999999998899e-05
2010Q2,-0.11290569399999995,0.025019039743999993,-0.04342639801600001,0.018160120699999727,-0.0009799164000000582,0.0017393063999999736,0.00030003000099987354
2010Q3,0.11543717978000001,0.00518501323999998,-0.05174265229999997,0.005795550620000034,0.007691531839999932,0.032258378255999975,0.00030003000099987354
2010Q4,0.11608562210600004,0.05307511667400022,0.0010331218400001507,-0.01870764083200005,0.046176793766000035,0.011029622599999955,0.00030003000099987354
2011Q1,0.060143369583999906,0.018440132559999878,-0.0007587044319999903,-0.0077081638239998584,0.01585644237199979,0.050786754200000006,0.00030003000099987354
2011Q2,-0.0017455115800001364,-0.011869317103999966,-0.044363702799999905,0.054010001408000274,-0.03665358631600002,0.012596845400000056,0.0
2011Q3,-0.15121475541999996,-0.07510318035100005,-0.04797123328899999,0.08294397621199989,-0.018384802529999966,-0.024688470400000107,9.999999999998899e-05
2011Q4,0.11872177364999992,0.026417232750000075,0.010725991951999969,0.007026013100000172,0.03186765353599985,0.043000699439999845,0.0
2012Q1,0.13083005419999982,-0.0016525207680001541,0.006699785186000007,-0.030078672375999926,-0.008697277120000124,-0.07047238179400006,0.0
2012Q2,-0.033295407080000006,0.0030524155999998026,-0.01172104767499993,0.022608122659999896,0.0349923609199998,0.09185172751999993,9.999999999998899e-05
2012Q3,0.06171522801800022,-0.01825943474799996,0.02808204044400009,-0.01769417200000012,0.006966526583999988,-0.005570483500000001,0.0002000099999999172
2012Q4,0.0017454600960000732,0.014783602560000109,0.062012425343999755,-0.027276844959999935,0.04177215295999992,-0.02366736764499988,0.00030003000099987354
2013Q1,0.11241206675900006,0.010504367600000064,0.00999432333800021,-0.023251289807000086,0.035794357352000095,0.012958561888000153,0.0
2013Q2,0.03160869968000002,0.01290520281600016,0.03070187125999979,-0.018932701600000046,-0.005837705489999956,-0.013721380146000106,0.0
2013Q3,0.06661950564500008,0.044150410874999935,-0.033202771588,-0.011860772409999831,-0.029110857292000025,0.048544730191999896,0.0
2013Q4,0.10427866911999994,-0.005212409600000023,0.014123179999999902,0.02419650529999995,0.010312944271999802,0.004301600155999896,0.0
2014Q1,0.016405847959999997,-0.004074778140000013,0.02452646284999993,-0.02214059544999991,-0.0019146033279998642,0.003808736189000017,0.0
2014Q2,0.0450430783639999,-0.029734395187999918,0.004008366620000148,0.014164229979999998,-0.019481844751999988,-0.023332639870000116,0.0
2014Q3,0.0012229901120002218,-0.07438628212000009,-0.021099957032000072,0.014874565760000236,-0.007724362378999872,0.012625405339999896,0.0
2014Q4,0.05081688872000001,0.041419257059999826,-0.02688811397199986,-0.0005032691169999381,0.012534466459999782,0.015134800752999888,0.0
2015Q1,0.01739097013400004,0.02488992881600005,-0.05538567669000005,0.005329438339999992,-0.03960459939999983,0.03238209619999988,0.0
2015Q2,0.0041766048800000455,0.00621092221999997,-0.0015547416399999126,-0.013668680799999944,-0.029626032483999976,0.009467756263999982,0.0
2015Q3,-0.07465451871599993,-0.06982790104000014,-0.009827841999999865,0.027895428280000134,-0.017645052916000048,0.13232607555199993,0.0
2015Q4,0.06034345237499994,-0.01812554589999993,-0.03444900939700002,-0.013910405949999816,-0.003370137592,0.023344490965999887,9.999999999998899e-05
2016Q1,0.007405022510000192,-0.016259272800000057,0.02695091206399991,0.06904055722399982,0.05059674917000012,-0.07717492159999995,0.0005000800040000364
2016Q2,0.026753861406000112,0.010249039707999952,0.00034773243599994785,-0.025254704250000093,0.010695577979999982,-0.00591018052000003,0.0004000500019998299
2016Q3,0.047313191261999954,0.060564971361999786,0.0067819276520000304,-0.02731934676999981,-0.014862787472000094,-0.06364307535400004,0.0006001200079999158
2016Q4,0.046021545214999904,0.03111912915199988,0.16652821949299978,0.019968945376000136,0.03636573320000003,-0.04542759317099987,0.0006001100060000208
2017Q1,0.057383200790000144,-0.029846815999999943,-0.07408120619999992,0.00567312541499998,-0.037639312599999974,-0.03372425217100006,0.0011004000479997167
2017Q2,0.029584161367999906,-0.001375839268000223,-0.04378565350000008,0.004744925053999927,-0.03194733376000003,0.0188521279999998,0.0017009601799997665
2017Q3,0.04604762261599982,0.011562685712000143,0.007207133185000103,-0.02083006899999995,-0.009376108090000002,0.03576534634499984,0.0025020705669995813
2017Q4,0.06557866119999978,-0.033087732090000044,0.0008990294149999745,0.04899565240400028,-0.015047997939999891,0.01630354397000011,0.002602250647999682
2018Q1,-0.006539288679999977,0.006250850046000123,-0.026104284920000054,-0.0063305670249999,-0.03307928175999997,0.06615222271999976,0.003403851452000284
2018Q2,0.03431972372299996,0.06455361776299973,-0.04895441241399989,-0.03558206297200006,-0.0006901295200000268,0.020186613529999953,0.0042058827440003554
2018Q3,0.06834782431999997,-0.03750360629500005,-0.05003444624200015,0.018935941595000116,-0.009388113511999752,0.037111746319999916,0.004707363840000145
2018Q4,-0.1503185249800002,-0.07819679931799994,0.01760126374399995,0.00383592884899997,0.04264034559999996,-0.01731548415999995,0.0056104564980001825
2019Q1,0.13298637031999982,0.009953141695999923,-0.07053785483599995,0.003038057216000034,-0.040361086899999954,-0.061059534400000115,0.00581119718199985
2019Q2,0.03539867792400009,-0.025071749139999877,-0.010098030159999882,0.015773222239999773,-0.01005846975999991,0.020812803919999956,0.006011977938000124
2019Q3,0.0003956223799999048,-0.0473538146500001,0.021758857400000053,0.022265784602000238,0.031191784628000097,0.031915297191999814,0.0053093454720001265
2019Q4,0.08946264008399996,0.01637320652499996,-0.022187516799999862,-0.011676605260000028,-0.009939412701999939,-0.046678430981999974,0.004105582520000262
2020Q1,-0.20483604222499996,-0.12122288027200001,-0.22276724633199996,-0.041710749737000063,-0.03530101656700002,0.14403014122400015,0.0037045618720004114
2020Q2,0.22855392576799982,0.06577861208000035,-0.0830687590000001,0.03891741094400025,-0.03620580723999989,-0.06114539225599991,0.0002000099999999172
2020Q3,0.09748495445599992,-0.04061203839100003,-0.07016382873599991,0.032218320811999934,-0.024739423128999904,0.11657220365399978,0.00030003000099987354
2020Q4,0.15198935782400014,0.17650143447199973,0.046408207399999846,-0.04913522302500006,0.006422823775999786,-0.17303416458999998,0.00030003000099987354
2021Q1,0.05984554842800005,0.10678871820000002,0.18784750239999992,0.02806370142500003,0.06502511614400008,-0.09809944012000016,0.0
2021Q2,0.08148404474900017,-0.02224341604000002,-0.023793358911999962,0.02583567153200006,-0.007238075903999941,0.03904083581599993,0.0
2021Q3,-0.0026096931999998185,-0.0411798566399999,0.03000903790399989,0.032053665600000114,-0.003458490400000014,0.017881240573999868,0.0
2021Q4,0.08345471970399987,-0.05100138020000011,0.023227747324999992,0.1434326891119999,0.04429560877999994,0.018188182592000057,9.999999999998899e-05
2022Q1,-0.05465105224000011,-0.03348001125400002,0.14103559195999993,-0.02756496534999997,0.14557133429899993,0.02116302943199999,0.0
2022Q2,-0.17293395451999982,0.009450523965000013,0.0823309647999999,0.06861081248000023,0.05061084127999993,0.08840570300000006,0.0009001799999999172
2022Q3,-0.04408811307400007,0.022945457365999955,-0.039486632409999944,-0.05361364757799991,-0.06347142765999991,0.00984262777999989,0.004606652887999996
2022Q4,0.057144251508000066,-0.011778944274999925,0.11036166610399989,0.1012729323199999,0.14481237926000023,0.07148464669999988,0.008523852011000033
2023Q1,0.06436517861299995,-0.022387253317999956,-0.1333236256000001,0.00763078140200002,-0.07849771753000001,-0.17689775027499988,0.010536782840000258
2023Q2,0.07484229303400003,-0.017472075472000026,-0.08020381152399991,0.029307726368000164,-0.059035305879999944,-0.018487433728000102,0.01114105040000024
2023Q3,-0.04496248961199989,-0.02658469858000001,0.043959733189999906,0.04661477394500002,-0.025223085238000098,-0.001048984443999812,0.013359037074999858
2023Q4,0.10575163608000016,0.027411249620000078,0.06854946325999989,-0.04338019177899988,-0.004952848692000189,-0.014935311856000055,0.013459898923999791
2024Q1,0.08842782112399994,-0.07624529538399993,-0.01806666025600001,-0.0009247256659998815,-0.020145070414000044,0.10231706143999997,0.013258094881999805
2024Q2,0.022542553599999904,-0.06248220860800002,-0.050551670719999886,0.04930476372800019,-0.0489444403,0.0025567884799999607,0.013258074787999785
2024Q3,0.046289408066000126,0.035325858440000024,0.015751342319999972,0.012240199520000106,0.008090993415999836,0.017124138170000025,0.013358886399999825
2024Q4,0.02104209349999997,-0.0031099640670000372,-0.020092652799999944,-0.019367968468000152,-0.022868999109999844,0.03717909999999991,0.011644887720000163
2025Q1,-0.061073352439999895,-0.07479020855700003,0.09712013956999965,0.007872874819999875,-0.007478320232000013,-0.027116244351999996,0.010436051514000066
2025Q2,0.10280314065599994,-0.02586094678399986,-0.07702104148800004,-0.047456685200000015,0.01209713955199998,0.04457385303200012,0.01073816522000004
2025Q3,0.07387708757000011,0.024499849376000027,0.020113804069999963,-0.029982226060000006,-0.02252322156800013,-0.0005288515060000165,0.01053672263600025
2025Q4,0.014608731727999924,-0.0007956663460000346,0.029765912480000045,-0.03490957823999996,-0.030199003948000014,-0.03907869874000003,0.010133917739999942
2026Q1,-0.001520510000000086,0.039105379999999856,0.06655275999999999,0.034694840000000005,0.06992781000000003,0.06355968000000023,0.005808399999999825
