quarter,outcome,ai_var,n_obs,n_ai_pos,n_ai_zero,status,coef,se,t,p,r2
2020Q1,ret_future_1q,bert_adoption_dummy,3229,322,2907,ok,0.04836687394305036,0.031735029618306106,1.524084726713168,0.12748754750078864,0.1529250342565186
2020Q2,ret_future_1q,bert_adoption_dummy,3504,237,3267,ok,0.03996742198863913,0.02180186493809799,1.8332111542805438,0.0667711757386017,0.06826931164215799
2020Q3,ret_future_1q,bert_adoption_dummy,3443,312,3131,ok,-0.03965492277009582,0.02099262230240209,-1.8889932948280737,0.0588927271718451,0.04391890639418938
2020Q4,ret_future_1q,bert_adoption_dummy,3409,379,3030,ok,-0.02835239885305943,0.018974807635321774,-1.494212716037299,0.13512003002518627,0.07849297099095653
2021Q1,ret_future_1q,bert_adoption_dummy,3296,392,2904,ok,-0.0022495086530741285,0.017311465115625296,-0.12994328544981015,0.8966112977546772,0.06444772120867348
2021Q2,ret_future_1q,bert_adoption_dummy,3418,412,3006,ok,-0.009917164766512237,0.011747381925522523,-0.8442021234506787,0.3985564681685584,0.08799798112260238
2021Q3,ret_future_1q,bert_adoption_dummy,3391,392,2999,ok,-0.03906348076216069,0.011959459057445053,-3.2663250548813685,0.0010895310554710107,0.24280666387580807
2021Q4,ret_future_1q,bert_adoption_dummy,3436,432,3004,ok,-0.02655083714085933,0.01080084858276345,-2.4582176981196198,0.013962850477121175,0.25794477252827597
2022Q1,ret_future_1q,bert_adoption_dummy,3411,417,2994,ok,-0.028307355806071025,0.010284091121388946,-2.7525384082991184,0.005913520931031546,0.14444520912966008
2022Q2,ret_future_1q,bert_adoption_dummy,2221,200,2021,ok,-0.03147003827355097,0.017458453973493698,-1.8025673018544692,0.07145619610725186,0.06409772914586254
2020Q1,ret_future_1q,bert_adoption_log_count,3229,322,2907,ok,0.031415682430596066,0.030255646806675134,1.0383411279002965,0.2991112675485188,0.15268783144222065
2020Q2,ret_future_1q,bert_adoption_log_count,3504,237,3267,ok,0.038077487952792616,0.020234294371549003,1.8818292970143073,0.0598591966237456,0.06850972091576402
2020Q3,ret_future_1q,bert_adoption_log_count,3443,312,3131,ok,-0.02540436275603056,0.02111366306335381,-1.2032191041318623,0.22889154396042266,0.04361854360454265
2020Q4,ret_future_1q,bert_adoption_log_count,3409,379,3030,ok,-0.030189347240150852,0.012795794946732882,-2.3593178357284494,0.018308567267415043,0.0788136903755059
2021Q1,ret_future_1q,bert_adoption_log_count,3296,392,2904,ok,-0.0035367638987760697,0.010244754872328858,-0.34522679584348953,0.729923875511512,0.06446566641488682
2021Q2,ret_future_1q,bert_adoption_log_count,3418,412,3006,ok,-0.007806002782670135,0.008695328019429443,-0.8977237851439143,0.36933282565701986,0.08800322177781628
2021Q3,ret_future_1q,bert_adoption_log_count,3391,392,2999,ok,-0.031336535659746124,0.0093422618044519,-3.354277188508378,0.0007957260824747748,0.24295730934339543
2021Q4,ret_future_1q,bert_adoption_log_count,3436,432,3004,ok,-0.019972763261466454,0.008055073747883309,-2.4795258102652187,0.013155720837669064,0.25782160749998995
2022Q1,ret_future_1q,bert_adoption_log_count,3411,417,2994,ok,-0.02267111181835822,0.007662778946792797,-2.958601830455654,0.0030903811891545285,0.14447714444948256
2022Q2,ret_future_1q,bert_adoption_log_count,2221,200,2021,ok,-0.024287266283626735,0.013648034636354335,-1.7795431306228244,0.07515076031496883,0.06379016820086003
2020Q1,ret_future_1q,bert_adoption_per_1k_words,3229,322,2907,ok,0.04246769664765617,0.06264309268790855,0.6779310347787688,0.49781542137938173,0.1524414701533986
2020Q2,ret_future_1q,bert_adoption_per_1k_words,3504,237,3267,ok,0.07787852299947129,0.06345489485850905,1.2273052090484724,0.21970789850970263,0.06833364330441205
2020Q3,ret_future_1q,bert_adoption_per_1k_words,3443,312,3131,ok,-0.045127225143347154,0.054608817834333565,-0.8263724968419814,0.40859282003063246,0.04352125351331271
2020Q4,ret_future_1q,bert_adoption_per_1k_words,3409,379,3030,ok,-0.08370728079280641,0.03557023352724037,-2.3532957895455415,0.018607825545335733,0.07876802241054404
2021Q1,ret_future_1q,bert_adoption_per_1k_words,3296,392,2904,ok,-0.026739749075736,0.035623343500315735,-0.7506243504487163,0.4528787622232088,0.06464892143478362
2021Q2,ret_future_1q,bert_adoption_per_1k_words,3418,412,3006,ok,-0.048776088749494996,0.022561648832071426,-2.161902665560493,0.03062567950598837,0.0891551177359059
2021Q3,ret_future_1q,bert_adoption_per_1k_words,3391,392,2999,ok,-0.05174088986414124,0.019975719978994923,-2.5901889853556397,0.009592325548986797,0.24197554583053882
2021Q4,ret_future_1q,bert_adoption_per_1k_words,3436,432,3004,ok,-0.03470147006240933,0.017985639376678606,-1.9293987461688797,0.0536813792562861,0.25737313042903665
2022Q1,ret_future_1q,bert_adoption_per_1k_words,3411,417,2994,ok,-0.012606887716659935,0.016303275083577866,-0.7732733240426479,0.4393606395967363,0.14284132749843248
2022Q2,ret_future_1q,bert_adoption_per_1k_words,2221,200,2021,ok,-0.09452233366794079,0.036400929225953796,-2.596701119391934,0.009412378499940144,0.06455337584242671
2020Q1,ret_future_4q,bert_adoption_dummy,3202,322,2880,ok,-0.0016548721672905078,0.13278937946249533,-0.012462383467631953,0.9900567140246553,0.06543420176881787
2020Q2,ret_future_4q,bert_adoption_dummy,3448,233,3215,ok,0.05908694703147789,0.07895251252641847,0.7483858985704436,0.45422742570852015,0.06825631591159442
2020Q3,ret_future_4q,bert_adoption_dummy,3360,300,3060,ok,-0.1501995011422955,0.04450298518460371,-3.375043281237202,0.0007380408264605145,0.09344867634824838
2020Q4,ret_future_4q,bert_adoption_dummy,3300,369,2931,ok,-0.04545788928826778,0.033859914902311855,-1.3425281610841866,0.17942480574418762,0.10130946973869182
2021Q1,ret_future_4q,bert_adoption_dummy,3281,390,2891,ok,-0.04777658660332206,0.021303603897923132,-2.2426527845826008,0.024919213563093578,0.26616912143273774
2021Q2,ret_future_4q,bert_adoption_dummy,3372,406,2966,ok,-0.054106965795055174,0.01757135816093764,-3.079270554927208,0.002075081404651755,0.2797759385939691
2021Q3,ret_future_4q,bert_adoption_dummy,3316,382,2934,ok,-0.08364208486348379,0.017806300726909103,-4.697330801399015,2.63583371692851e-06,0.2548251492852106
2021Q4,ret_future_4q,bert_adoption_dummy,3320,421,2899,ok,-0.05777218495008259,0.019113477478902914,-3.022588904287585,0.0025062245287147435,0.22803827659413445
2022Q1,ret_future_4q,bert_adoption_dummy,0,0,0,too_few_obs,,,,,
2022Q2,ret_future_4q,bert_adoption_dummy,0,0,0,too_few_obs,,,,,
2020Q1,ret_future_4q,bert_adoption_log_count,3202,322,2880,ok,-0.014635698655924245,0.11547365776379066,-0.12674491255713555,0.8991422973804871,0.06543726108827808
2020Q2,ret_future_4q,bert_adoption_log_count,3448,233,3215,ok,0.05729077728778119,0.06326971519748167,0.9055007930565417,0.3652001399285071,0.0682915895468107
2020Q3,ret_future_4q,bert_adoption_log_count,3360,300,3060,ok,-0.09767453895858372,0.039288596158329456,-2.48607862100657,0.012915942758990889,0.09289517867006913
2020Q4,ret_future_4q,bert_adoption_log_count,3300,369,2931,ok,-0.03624749785319648,0.026508885109772565,-1.3673716455104237,0.17150884519334875,0.10131941707274617
2021Q1,ret_future_4q,bert_adoption_log_count,3281,390,2891,ok,-0.03109897212614398,0.017664949854175015,-1.7604902579892638,0.07832471785330604,0.2659340607007922
2021Q2,ret_future_4q,bert_adoption_log_count,3372,406,2966,ok,-0.04346167349040316,0.01244614191618534,-3.4919795855681417,0.0004794548898808155,0.27990426670721913
2021Q3,ret_future_4q,bert_adoption_log_count,3316,382,2934,ok,-0.06323195974031891,0.014305537831104791,-4.420103633072257,9.865357919375051e-06,0.254612237913473
2021Q4,ret_future_4q,bert_adoption_log_count,3320,421,2899,ok,-0.044847345389911523,0.01413705963394033,-3.172324836364259,0.0015122375424347625,0.2279614455747122
2022Q1,ret_future_4q,bert_adoption_log_count,0,0,0,too_few_obs,,,,,
2022Q2,ret_future_4q,bert_adoption_log_count,0,0,0,too_few_obs,,,,,
2020Q1,ret_future_4q,bert_adoption_per_1k_words,3202,322,2880,ok,-0.09670478178610702,0.2413844785857636,-0.40062551806431884,0.6886958551916086,0.06546382156791442
2020Q2,ret_future_4q,bert_adoption_per_1k_words,3448,233,3215,ok,0.0983189219916176,0.16883317149355487,0.5823436302348374,0.5603352426914358,0.06823863560094845
2020Q3,ret_future_4q,bert_adoption_per_1k_words,3360,300,3060,ok,-0.18515043225211492,0.11099289242769761,-1.6681287261049136,0.09529017578889376,0.0927796459224488
2020Q4,ret_future_4q,bert_adoption_per_1k_words,3300,369,2931,ok,-0.09466447420831091,0.08706166504975077,-1.087326714395085,0.2768924464076493,0.10124375022277732
2021Q1,ret_future_4q,bert_adoption_per_1k_words,3281,390,2891,ok,-0.11576522703846853,0.047423844391648144,-2.4410763936054085,0.014643556713688196,0.26651247201998374
2021Q2,ret_future_4q,bert_adoption_per_1k_words,3372,406,2966,ok,-0.09711251448953288,0.0307958597214722,-3.153427615525273,0.0016136524143556242,0.27957030330166954
2021Q3,ret_future_4q,bert_adoption_per_1k_words,3316,382,2934,ok,-0.09350013418069818,0.030520330788945515,-3.063536068048253,0.002187378353224965,0.25260979019089
2021Q4,ret_future_4q,bert_adoption_per_1k_words,3320,421,2899,ok,-0.09312263514463368,0.027175336976727953,-3.426733409943758,0.0006108884934753136,0.22764229334820396
2022Q1,ret_future_4q,bert_adoption_per_1k_words,0,0,0,too_few_obs,,,,,
2022Q2,ret_future_4q,bert_adoption_per_1k_words,0,0,0,too_few_obs,,,,,
